timestamp,open,high,low,close,volume
2025-07-24 16:00:00+08:00,118416.21,118800.0,118224.76,118728.83,263.95663
2025-07-24 16:15:00+08:00,118728.82,118728.83,118523.83,118646.36,199.68783
2025-07-24 16:30:00+08:00,118646.36,118782.35,118565.57,118633.74,218.72039
2025-07-24 16:45:00+08:00,118633.73,118811.09,118633.73,118775.28,144.8815
2025-07-24 17:00:00+08:00,118775.29,118814.47,118626.35,118653.44,103.36673
2025-07-24 17:15:00+08:00,118653.44,118708.27,118486.17,118609.22,105.34648
2025-07-24 17:30:00+08:00,118609.23,118669.93,118421.86,118572.91,132.00253
2025-07-24 17:45:00+08:00,118572.92,118572.92,118300.53,118507.08,135.91338
2025-07-24 18:00:00+08:00,118507.07,118648.53,118304.57,118350.79,112.84424
2025-07-24 18:15:00+08:00,118350.79,118385.65,118115.13,118125.08,126.83
2025-07-24 18:30:00+08:00,118125.08,118141.92,117955.59,118116.03,146.21885
2025-07-24 18:45:00+08:00,118116.03,118407.07,118080.03,118373.99,145.36191
2025-07-24 19:00:00+08:00,118374.0,118695.07,118297.56,118675.23,199.23651
2025-07-24 19:15:00+08:00,118674.48,118739.13,118597.11,118627.04,147.65697
2025-07-24 19:30:00+08:00,118627.04,118652.2,118576.29,118640.0,88.91985
2025-07-24 19:45:00+08:00,118639.99,118728.61,118600.0,118600.0,133.21429
2025-07-24 20:00:00+08:00,118600.0,118728.33,118500.0,118572.58,91.52549
2025-07-24 20:15:00+08:00,118572.59,118588.48,118321.83,118572.29,200.08926
2025-07-24 20:30:00+08:00,118572.28,118597.11,118326.43,118338.02,187.02176
2025-07-24 20:45:00+08:00,118338.02,118600.0,118281.12,118531.42,297.53758
2025-07-24 21:00:00+08:00,118531.43,118680.0,118470.84,118629.46,211.55638
2025-07-24 21:15:00+08:00,118629.45,118727.53,118629.45,118686.0,146.07376
2025-07-24 21:30:00+08:00,118686.0,118708.27,118428.13,118614.94,129.1189
2025-07-24 21:45:00+08:00,118614.95,118708.27,118220.0,118227.48,143.28145
2025-07-24 22:00:00+08:00,118227.48,118480.0,117832.32,117994.0,378.19371
2025-07-24 22:15:00+08:00,117993.99,118263.33,117910.64,118151.03,242.57274
2025-07-24 22:30:00+08:00,118151.02,118700.0,118151.02,118616.77,350.07077
2025-07-24 22:45:00+08:00,118616.77,119109.74,118613.64,119057.11,315.38665
2025-07-24 23:00:00+08:00,119057.12,119450.0,119043.05,119265.53,636.38622
2025-07-24 23:15:00+08:00,119265.54,119265.54,118880.0,119000.0,383.021
2025-07-24 23:30:00+08:00,119000.01,119022.91,118614.84,118839.87,312.16276
2025-07-24 23:45:00+08:00,118839.86,119100.0,118832.0,119092.65,115.29373
2025-07-25 00:00:00+08:00,119092.65,119190.41,118831.0,118890.91,165.30789
2025-07-25 00:15:00+08:00,118890.91,118974.54,118671.04,118684.52,293.61717
2025-07-25 00:30:00+08:00,118684.52,118812.64,118350.0,118380.0,272.98732
2025-07-25 00:45:00+08:00,118380.01,118626.36,118350.0,118529.97,138.68168
2025-07-25 01:00:00+08:00,118529.97,118970.0,118481.7,118882.16,82.7412
2025-07-25 01:15:00+08:00,118882.16,119145.86,118781.76,119005.61,106.50306
2025-07-25 01:30:00+08:00,119005.6,119225.21,119005.6,119193.81,117.84704
2025-07-25 01:45:00+08:00,119193.81,119307.43,119095.44,119122.94,95.11737
2025-07-25 02:00:00+08:00,119122.95,119395.81,118995.5,119304.49,110.88401
2025-07-25 02:15:00+08:00,119304.49,119348.77,119166.63,119292.66,101.60846
2025-07-25 02:30:00+08:00,119292.67,119327.99,118960.27,119012.77,152.41652
2025-07-25 02:45:00+08:00,119012.77,119115.0,118966.1,119044.29,61.6772
2025-07-25 03:00:00+08:00,119044.29,119343.97,119036.07,119339.14,134.236
2025-07-25 03:15:00+08:00,119339.14,119339.14,119061.24,119161.07,120.88284
2025-07-25 03:30:00+08:00,119161.07,119169.8,118933.09,118987.46,106.7548
2025-07-25 03:45:00+08:00,118987.46,119140.66,118900.02,118943.42,105.56406
2025-07-25 04:00:00+08:00,118943.42,119010.64,118817.9,118871.57,107.22245
2025-07-25 04:15:00+08:00,118871.57,118924.0,118800.0,118908.56,51.90143
2025-07-25 04:30:00+08:00,118908.56,118908.56,118752.22,118787.91,68.22213
2025-07-25 04:45:00+08:00,118787.9,118845.53,118722.02,118722.02,44.46516
2025-07-25 05:00:00+08:00,118722.03,118790.44,118589.92,118589.93,69.15892
2025-07-25 05:15:00+08:00,118589.93,118670.23,118546.69,118550.01,50.14724
2025-07-25 05:30:00+08:00,118550.01,118624.74,118487.2,118605.95,56.29478
2025-07-25 05:45:00+08:00,118605.94,118626.09,118527.51,118527.52,35.9701
2025-07-25 06:00:00+08:00,118527.51,118626.09,118441.44,118441.45,88.6484
2025-07-25 06:15:00+08:00,118441.45,118580.0,118373.37,118457.78,132.04005
2025-07-25 06:30:00+08:00,118457.78,118457.78,118363.8,118411.31,61.11532
2025-07-25 06:45:00+08:00,118411.31,118411.31,118186.57,118280.01,105.93326
2025-07-25 07:00:00+08:00,118280.0,118450.24,118186.0,118336.27,149.43719
2025-07-25 07:15:00+08:00,118336.27,118449.19,118183.44,118230.12,183.71122
2025-07-25 07:30:00+08:00,118230.12,118405.94,118166.94,118313.46,150.22874
2025-07-25 07:45:00+08:00,118313.46,118378.0,118221.83,118340.99,76.90138
2025-07-25 08:00:00+08:00,118340.98,118451.57,118043.44,118162.41,162.4288
2025-07-25 08:15:00+08:00,118162.42,118186.58,117960.05,117964.71,300.13869
2025-07-25 08:30:00+08:00,117964.71,117999.96,117659.0,117794.22,312.38434
2025-07-25 08:45:00+08:00,117794.22,117842.6,117652.85,117664.56,217.08666
2025-07-25 09:00:00+08:00,117664.55,117802.04,117550.0,117557.88,448.22632
2025-07-25 09:15:00+08:00,117557.88,117557.88,117327.29,117428.37,918.76152
2025-07-25 09:30:00+08:00,117428.38,117703.26,117350.0,117428.93,378.63704
2025-07-25 09:45:00+08:00,117428.92,117500.72,117231.0,117359.26,633.69975
2025-07-25 10:00:00+08:00,117359.27,117396.96,117099.99,117200.0,991.7808
2025-07-25 10:15:00+08:00,117200.01,117251.09,117096.56,117100.0,321.29411
2025-07-25 10:30:00+08:00,117100.0,117147.28,116605.0,116638.53,960.19991
2025-07-25 10:45:00+08:00,116638.54,116785.71,116353.66,116353.67,1001.13764
2025-07-25 11:00:00+08:00,116353.67,116428.55,115861.74,116240.0,1088.48588
2025-07-25 11:15:00+08:00,116239.99,116300.01,115825.97,116024.05,1376.96621
2025-07-25 11:30:00+08:00,116024.05,116024.05,115349.58,115400.0,1254.87782
2025-07-25 11:45:00+08:00,115400.0,115696.74,115330.86,115419.66,761.09944
2025-07-25 12:00:00+08:00,115419.65,115580.0,115125.8,115234.01,645.38853
2025-07-25 12:15:00+08:00,115234.0,115387.65,115115.0,115335.2,376.82644
2025-07-25 12:30:00+08:00,115335.2,115985.92,115335.19,115710.47,577.08884
2025-07-25 12:45:00+08:00,115710.47,116144.63,115710.46,116102.7,429.44414
2025-07-25 13:00:00+08:00,116102.71,116102.71,115263.54,115350.01,576.64772
2025-07-25 13:15:00+08:00,115350.0,115800.95,115308.48,115611.37,250.21326
2025-07-25 13:30:00+08:00,115611.37,115659.87,115460.49,115629.33,652.8012
2025-07-25 13:45:00+08:00,115629.33,115638.33,115396.76,115500.0,510.36431
2025-07-25 14:00:00+08:00,115500.0,115511.54,115269.97,115393.44,350.77197
2025-07-25 14:15:00+08:00,115393.45,115464.09,115230.0,115287.87,532.599
2025-07-25 14:30:00+08:00,115287.86,115464.09,115200.0,115379.71,567.67609
2025-07-25 14:45:00+08:00,115379.72,115435.79,115254.06,115284.25,579.71623
2025-07-25 15:00:00+08:00,115284.25,115568.74,114942.87,115509.5,916.48121
2025-07-25 15:15:00+08:00,115509.5,115946.26,115455.0,115564.08,539.99204
2025-07-25 15:30:00+08:00,115564.08,115611.3,115159.4,115181.06,492.37389
2025-07-25 15:45:00+08:00,115181.06,115392.18,114723.16,115320.01,836.86676
2025-07-25 16:00:00+08:00,115320.01,115665.0,115263.81,115665.0,533.95987
2025-07-25 16:15:00+08:00,115665.0,115980.82,115509.63,115722.2,619.15276
2025-07-25 16:30:00+08:00,115722.2,115747.91,115095.69,115106.6,1003.82259
2025-07-25 16:45:00+08:00,115106.59,115563.0,115008.85,115202.55,1489.51797
2025-07-25 17:00:00+08:00,115202.55,115332.59,115020.59,115332.0,675.54572
2025-07-25 17:15:00+08:00,115331.99,115800.0,115164.54,115793.59,312.1864
2025-07-25 17:30:00+08:00,115793.6,115883.86,115565.9,115565.9,236.68982
2025-07-25 17:45:00+08:00,115565.9,116033.46,115474.57,116033.44,276.84128
2025-07-25 18:00:00+08:00,116033.44,116333.33,115990.09,116219.99,341.399
2025-07-25 18:15:00+08:00,116220.0,116298.77,116073.58,116112.13,154.80951
2025-07-25 18:30:00+08:00,116112.13,116399.99,116112.13,116397.99,208.76901
2025-07-25 18:45:00+08:00,116398.0,116487.5,116257.8,116308.48,222.19116
2025-07-25 19:00:00+08:00,116308.48,116630.45,116308.48,116480.81,272.48426
2025-07-25 19:15:00+08:00,116480.81,116765.83,116480.8,116700.73,172.64798
2025-07-25 19:30:00+08:00,116700.73,116782.13,116481.53,116527.12,387.93178
2025-07-25 19:45:00+08:00,116527.13,116665.17,116481.0,116543.58,308.26225
2025-07-25 20:00:00+08:00,116543.59,116656.99,116320.35,116519.54,253.3563
2025-07-25 20:15:00+08:00,116519.55,116600.0,116223.17,116259.39,224.07347
2025-07-25 20:30:00+08:00,116259.39,116435.25,115963.97,116419.75,599.73842
2025-07-25 20:45:00+08:00,116419.75,116472.27,116008.0,116105.96,210.86977
2025-07-25 21:00:00+08:00,116105.96,116149.25,115933.0,116089.89,224.85533
2025-07-25 21:15:00+08:00,116089.89,116121.6,115993.41,116103.8,242.69235
2025-07-25 21:30:00+08:00,116103.79,116600.0,115564.75,115672.73,778.65322
2025-07-25 21:45:00+08:00,115672.74,116234.35,115665.61,116216.27,555.8304
2025-07-25 22:00:00+08:00,116216.27,116286.87,115585.09,115600.0,303.71163
2025-07-25 22:15:00+08:00,115600.0,115735.97,115336.73,115576.99,471.93307
2025-07-25 22:30:00+08:00,115576.99,115659.57,115100.0,115100.14,670.05867
2025-07-25 22:45:00+08:00,115100.14,115310.45,114908.0,114960.01,579.41143
2025-07-25 23:00:00+08:00,114960.01,115421.77,114916.48,115341.47,550.67177
2025-07-25 23:15:00+08:00,115341.47,115665.0,115222.28,115503.23,287.35205
2025-07-25 23:30:00+08:00,115503.22,115612.0,115229.87,115325.98,222.35162
2025-07-25 23:45:00+08:00,115325.98,115846.39,115325.98,115727.08,186.23385
2025-07-26 00:00:00+08:00,115727.07,115925.46,115659.28,115858.18,232.314
2025-07-26 00:15:00+08:00,115858.17,115922.7,115455.46,115783.07,197.77809
2025-07-26 00:30:00+08:00,115783.08,115938.8,115563.61,115913.74,158.36834
2025-07-26 00:45:00+08:00,115913.73,116214.88,115880.59,116185.32,352.60519
2025-07-26 01:00:00+08:00,116185.31,116345.74,116146.32,116280.68,295.21349
2025-07-26 01:15:00+08:00,116280.01,116304.0,115950.07,116111.19,146.80044
2025-07-26 01:30:00+08:00,116111.2,116234.34,115871.8,116219.98,148.17275
2025-07-26 01:45:00+08:00,116219.99,116226.86,116042.5,116042.5,89.31938
2025-07-26 02:00:00+08:00,116042.51,116423.58,116042.5,116403.35,172.75948
2025-07-26 02:15:00+08:00,116403.35,116475.98,116308.07,116399.97,137.15255
2025-07-26 02:30:00+08:00,116399.98,116498.35,116334.8,116498.35,146.74063
2025-07-26 02:45:00+08:00,116498.35,116568.73,116429.39,116491.53,172.60494
2025-07-26 03:00:00+08:00,116491.53,116656.0,116405.7,116656.0,159.39378
2025-07-26 03:15:00+08:00,116655.99,116774.19,116573.23,116621.69,194.23363
2025-07-26 03:30:00+08:00,116621.69,116993.71,116621.69,116984.46,310.71579
2025-07-26 03:45:00+08:00,116984.47,116997.21,116618.82,116688.6,175.23634
2025-07-26 04:00:00+08:00,116688.6,116837.03,116578.02,116604.05,103.3062
2025-07-26 04:15:00+08:00,116604.05,116769.51,116604.05,116737.24,58.61767
2025-07-26 04:30:00+08:00,116737.24,117237.02,116732.3,117227.34,382.50967
2025-07-26 04:45:00+08:00,117227.34,117306.0,116993.65,117040.01,193.22026
2025-07-26 05:00:00+08:00,117040.01,117297.0,117040.0,117286.74,87.82597
2025-07-26 05:15:00+08:00,117286.75,117377.59,117200.0,117261.26,139.21787
2025-07-26 05:30:00+08:00,117261.27,117261.27,116956.0,117049.14,109.08734
2025-07-26 05:45:00+08:00,117049.14,117238.83,117049.14,117214.23,82.2984
2025-07-26 06:00:00+08:00,117214.23,117263.04,117169.83,117190.0,56.24572
2025-07-26 06:15:00+08:00,117189.99,117238.83,117102.3,117238.83,74.61394
2025-07-26 06:30:00+08:00,117238.83,117343.89,117210.49,117340.15,60.70065
2025-07-26 06:45:00+08:00,117340.15,117340.15,117203.81,117279.97,57.32558
2025-07-26 07:00:00+08:00,117279.97,117328.92,117186.83,117224.55,83.13741
2025-07-26 07:15:00+08:00,117224.55,117357.01,117224.54,117312.0,44.29278
2025-07-26 07:30:00+08:00,117312.0,117598.26,117311.99,117532.41,167.93066
2025-07-26 07:45:00+08:00,117532.41,117630.0,117522.4,117614.31,76.14852
2025-07-26 08:00:00+08:00,117614.31,117614.32,117330.24,117412.18,131.96341
2025-07-26 08:15:00+08:00,117412.19,117550.0,117394.92,117547.07,117.01866
2025-07-26 08:30:00+08:00,117547.07,117611.13,117459.85,117471.73,73.66203
2025-07-26 08:45:00+08:00,117471.73,117496.0,117339.27,117496.0,65.76691
2025-07-26 09:00:00+08:00,117496.0,117550.56,117440.0,117550.55,55.98607
2025-07-26 09:15:00+08:00,117550.55,117550.9,117393.84,117397.37,50.09557
2025-07-26 09:30:00+08:00,117397.38,117438.24,117243.23,117243.23,73.33534
2025-07-26 09:45:00+08:00,117243.23,117332.82,117138.38,117153.73,87.25113
2025-07-26 10:00:00+08:00,117153.74,117313.9,117153.73,117313.9,63.93927
2025-07-26 10:15:00+08:00,117313.9,117578.57,117313.9,117578.56,120.50627
2025-07-26 10:30:00+08:00,117578.57,117750.0,117468.86,117474.04,135.6283
2025-07-26 10:45:00+08:00,117474.05,117603.0,117469.0,117469.0,71.7519
2025-07-26 11:00:00+08:00,117469.01,117603.0,117469.0,117575.12,51.49845
2025-07-26 11:15:00+08:00,117575.13,117597.64,117462.64,117462.65,49.07104
2025-07-26 11:30:00+08:00,117462.65,117574.24,117462.65,117506.43,39.40614
2025-07-26 11:45:00+08:00,117506.44,117579.92,117489.61,117489.62,35.36228
2025-07-26 12:00:00+08:00,117489.61,117547.92,117428.96,117543.48,88.64885
2025-07-26 12:15:00+08:00,117543.48,117547.92,117470.34,117495.35,27.2015
2025-07-26 12:30:00+08:00,117495.35,117525.35,117476.91,117479.51,23.9537
2025-07-26 12:45:00+08:00,117479.52,117496.81,117396.95,117496.81,42.92169
2025-07-26 13:00:00+08:00,117496.8,117499.0,117419.83,117424.78,29.85821
2025-07-26 13:15:00+08:00,117424.78,117540.18,117424.78,117540.17,51.76383
2025-07-26 13:30:00+08:00,117540.18,117541.19,117489.64,117489.65,46.11783
2025-07-26 13:45:00+08:00,117489.64,117489.65,117439.72,117444.99,28.07161
2025-07-26 14:00:00+08:00,117444.99,117458.0,117362.69,117362.69,35.96532
2025-07-26 14:15:00+08:00,117362.7,117362.7,117320.0,117346.49,43.03404
2025-07-26 14:30:00+08:00,117346.49,117436.61,117346.49,117412.25,97.56439
2025-07-26 14:45:00+08:00,117412.26,117412.26,117350.71,117350.71,37.30146
2025-07-26 15:00:00+08:00,117350.71,117350.72,117328.89,117329.56,39.88624
2025-07-26 15:15:00+08:00,117329.56,117382.76,117328.68,117365.55,51.9054
2025-07-26 15:30:00+08:00,117365.54,117365.55,117304.92,117348.16,168.88367
2025-07-26 15:45:00+08:00,117348.16,117365.55,117304.46,117304.47,193.40231
2025-07-26 16:00:00+08:00,117304.47,117328.45,117304.46,117328.45,36.04412
2025-07-26 16:15:00+08:00,117328.45,117492.49,117328.44,117492.48,79.38792
2025-07-26 16:30:00+08:00,117492.49,117511.43,117467.54,117488.05,63.07253
2025-07-26 16:45:00+08:00,117488.04,117615.12,117488.04,117557.14,81.4574
2025-07-26 17:00:00+08:00,117557.14,117617.65,117501.44,117547.2,53.81101
2025-07-26 17:15:00+08:00,117547.2,117561.5,117478.5,117478.5,47.16245
2025-07-26 17:30:00+08:00,117478.5,117517.64,117458.0,117514.03,57.26599
2025-07-26 17:45:00+08:00,117514.03,117570.6,117514.03,117570.6,32.15228
2025-07-26 18:00:00+08:00,117570.6,117621.78,117545.1,117621.78,63.28399
2025-07-26 18:15:00+08:00,117621.77,117790.09,117621.77,117769.99,71.59077
2025-07-26 18:30:00+08:00,117769.99,118217.45,117769.99,118197.48,493.30101
2025-07-26 18:45:00+08:00,118197.49,118199.3,117941.96,117971.93,120.99111
2025-07-26 19:00:00+08:00,117971.94,118057.5,117962.6,118037.11,89.0369
2025-07-26 19:15:00+08:00,118037.1,118072.41,117873.38,117929.18,102.65772
2025-07-26 19:30:00+08:00,117929.18,117994.78,117809.1,117809.1,105.2569
2025-07-26 19:45:00+08:00,117809.11,117864.97,117776.1,117776.11,52.83748
2025-07-26 20:00:00+08:00,117776.1,117820.0,117772.13,117809.16,61.78734
2025-07-26 20:15:00+08:00,117809.15,117990.0,117809.15,117950.0,49.29975
2025-07-26 20:30:00+08:00,117950.0,117966.17,117903.07,117950.0,35.99121
2025-07-26 20:45:00+08:00,117950.0,117962.77,117914.16,117914.17,24.69615
2025-07-26 21:00:00+08:00,117914.16,118138.56,117855.15,118117.24,117.22681
2025-07-26 21:15:00+08:00,118117.25,118201.43,118078.18,118078.19,109.11899
2025-07-26 21:30:00+08:00,118078.18,118220.0,118078.18,118206.0,58.46318
2025-07-26 21:45:00+08:00,118206.0,118214.45,118125.23,118125.24,57.02776
2025-07-26 22:00:00+08:00,118125.24,118210.85,118108.79,118139.85,54.07326
2025-07-26 22:15:00+08:00,118139.85,118187.49,118000.0,118004.18,118.63899
2025-07-26 22:30:00+08:00,118004.19,118128.35,117956.0,118083.99,102.44207
2025-07-26 22:45:00+08:00,118083.99,118151.14,118044.55,118064.99,80.06465
2025-07-26 23:00:00+08:00,118064.99,118124.72,117904.5,117919.28,129.46845
2025-07-26 23:15:00+08:00,117919.28,117946.11,117818.2,117875.88,159.53412
2025-07-26 23:30:00+08:00,117875.88,117941.97,117862.19,117927.44,51.27016
2025-07-26 23:45:00+08:00,117927.44,118142.87,117927.44,118130.1,94.49445
2025-07-27 00:00:00+08:00,118130.1,118188.97,118011.0,118071.36,87.61325
2025-07-27 00:15:00+08:00,118071.36,118169.97,118071.36,118168.98,57.57194
2025-07-27 00:30:00+08:00,118168.97,118180.0,118050.58,118062.92,168.62193
2025-07-27 00:45:00+08:00,118062.92,118088.58,118014.76,118081.18,37.46416
2025-07-27 01:00:00+08:00,118081.19,118090.0,118021.14,118029.5,42.68977
2025-07-27 01:15:00+08:00,118029.5,118074.63,118029.5,118052.92,15.35699
2025-07-27 01:30:00+08:00,118052.92,118060.0,117990.0,117990.0,52.94017
2025-07-27 01:45:00+08:00,117990.0,118039.99,117990.0,118039.98,28.68259
2025-07-27 02:00:00+08:00,118039.99,118070.8,118039.98,118066.32,23.22928
2025-07-27 02:15:00+08:00,118066.32,118066.33,117941.96,118046.35,50.71913
2025-07-27 02:30:00+08:00,118046.35,118064.84,118010.08,118026.79,87.23201
2025-07-27 02:45:00+08:00,118026.8,118099.99,118026.79,118095.15,34.37113
2025-07-27 03:00:00+08:00,118095.16,118095.16,118040.0,118067.27,58.51635
2025-07-27 03:15:00+08:00,118067.27,118088.86,118051.69,118088.85,34.80791
2025-07-27 03:30:00+08:00,118088.85,118156.0,118087.31,118155.99,132.6497
2025-07-27 03:45:00+08:00,118156.0,118297.35,118155.99,118232.11,138.92706
2025-07-27 04:00:00+08:00,118232.11,118232.12,118108.79,118108.79,52.38383
2025-07-27 04:15:00+08:00,118108.8,118108.8,117930.57,117940.76,71.58049
2025-07-27 04:30:00+08:00,117940.76,118000.21,117883.86,117988.31,62.56793
2025-07-27 04:45:00+08:00,117988.31,118042.42,117914.0,117956.32,62.6303
2025-07-27 05:00:00+08:00,117956.32,117992.3,117888.2,117891.76,37.99135
2025-07-27 05:15:00+08:00,117891.76,117951.07,117891.76,117951.06,19.74068
2025-07-27 05:30:00+08:00,117951.07,117994.99,117892.79,117952.32,49.83267
2025-07-27 05:45:00+08:00,117952.33,118068.0,117952.32,118028.56,42.30976
2025-07-27 06:00:00+08:00,118028.56,118138.55,117989.54,118092.93,47.87281
2025-07-27 06:15:00+08:00,118092.92,118276.66,118060.68,118060.68,154.35379
2025-07-27 06:30:00+08:00,118060.68,118113.0,117978.0,118085.24,56.8931
2025-07-27 06:45:00+08:00,118085.25,118110.0,118007.02,118007.02,30.17436
2025-07-27 07:00:00+08:00,118007.03,118048.19,117960.03,117984.01,35.77817
2025-07-27 07:15:00+08:00,117984.01,118025.09,117909.0,117925.45,50.2672
2025-07-27 07:30:00+08:00,117925.45,117961.95,117891.75,117912.06,55.67391
2025-07-27 07:45:00+08:00,117912.07,117919.99,117890.0,117919.99,28.5986
2025-07-27 08:00:00+08:00,117919.99,117952.12,117829.73,117890.52,34.43849
2025-07-27 08:15:00+08:00,117890.51,117961.89,117843.98,117844.56,30.6458
2025-07-27 08:30:00+08:00,117844.55,117914.72,117825.5,117863.99,30.79787
2025-07-27 08:45:00+08:00,117864.0,117952.0,117840.0,117952.0,35.29041
2025-07-27 09:00:00+08:00,117951.99,118142.87,117920.0,118095.5,104.9251
2025-07-27 09:15:00+08:00,118095.51,118150.0,118086.88,118134.75,61.0529
2025-07-27 09:30:00+08:00,118134.75,118190.0,118134.75,118150.01,63.92131
2025-07-27 09:45:00+08:00,118150.01,118150.01,118072.0,118102.0,62.06239
2025-07-27 10:00:00+08:00,118102.0,118198.0,118021.85,118190.0,47.50902
2025-07-27 10:15:00+08:00,118190.0,118260.0,118142.86,118150.37,101.502
2025-07-27 10:30:00+08:00,118150.38,118216.29,118150.37,118200.01,45.22175
2025-07-27 10:45:00+08:00,118200.0,118358.18,118113.0,118309.99,204.463
2025-07-27 11:00:00+08:00,118309.99,118309.99,118080.92,118106.18,95.23554
2025-07-27 11:15:00+08:00,118106.18,118188.42,118090.21,118188.41,27.24209
2025-07-27 11:30:00+08:00,118188.42,118274.52,118188.42,118237.98,29.85132
2025-07-27 11:45:00+08:00,118237.99,118237.99,118182.52,118182.83,33.34797
2025-07-27 12:00:00+08:00,118182.83,118272.43,118149.19,118182.82,60.04307
2025-07-27 12:15:00+08:00,118182.82,118265.79,118182.81,118261.58,34.70187
2025-07-27 12:30:00+08:00,118261.58,118266.0,118206.64,118216.75,34.62955
2025-07-27 12:45:00+08:00,118216.76,118216.76,118172.77,118215.1,51.2005
2025-07-27 13:00:00+08:00,118215.09,118238.67,118160.84,118202.18,38.2326
2025-07-27 13:15:00+08:00,118202.18,118290.0,118167.7,118260.0,89.12019
2025-07-27 13:30:00+08:00,118260.0,118300.0,118245.96,118272.66,67.77975
2025-07-27 13:45:00+08:00,118272.65,118274.73,118192.62,118274.73,66.46708
2025-07-27 14:00:00+08:00,118274.73,118309.99,118197.71,118280.35,59.16214
2025-07-27 14:15:00+08:00,118280.36,118309.99,118276.01,118280.02,22.14885
2025-07-27 14:30:00+08:00,118280.02,118350.0,118280.02,118338.17,59.51947
2025-07-27 14:45:00+08:00,118338.18,118438.83,118236.58,118263.4,77.54936
2025-07-27 15:00:00+08:00,118263.4,118263.4,118113.0,118113.01,49.68706
2025-07-27 15:15:00+08:00,118113.01,118195.28,118113.0,118133.69,27.56731
2025-07-27 15:30:00+08:00,118133.69,118175.57,118121.89,118165.54,36.9516
2025-07-27 15:45:00+08:00,118165.54,118165.54,118066.74,118095.95,33.45173
2025-07-27 16:00:00+08:00,118095.95,118129.75,118016.45,118102.86,60.23531
2025-07-27 16:15:00+08:00,118102.86,118102.86,117981.02,118008.91,47.36729
2025-07-27 16:30:00+08:00,118008.91,118049.29,117962.97,118049.28,51.84621
2025-07-27 16:45:00+08:00,118049.29,118064.74,117950.47,117950.47,41.84792
2025-07-27 17:00:00+08:00,117950.47,117999.91,117865.2,117943.93,59.20627
2025-07-27 17:15:00+08:00,117943.93,117943.94,117887.21,117888.0,33.9177
2025-07-27 17:30:00+08:00,117887.99,117942.33,117862.04,117888.44,42.72527
2025-07-27 17:45:00+08:00,117888.44,117943.93,117859.98,117943.92,60.01515
2025-07-27 18:00:00+08:00,117943.92,118096.03,117943.92,118096.03,41.30977
2025-07-27 18:15:00+08:00,118096.02,118198.62,118096.02,118144.0,61.20069
2025-07-27 18:30:00+08:00,118144.01,118250.0,118117.7,118198.01,72.65755
2025-07-27 18:45:00+08:00,118198.02,118292.86,118182.61,118184.92,82.47599
2025-07-27 19:00:00+08:00,118184.92,118255.32,118184.92,118246.37,50.4586
2025-07-27 19:15:00+08:00,118246.37,118246.38,118185.53,118200.24,39.88008
2025-07-27 19:30:00+08:00,118200.25,118237.68,118113.0,118148.68,46.69307
2025-07-27 19:45:00+08:00,118148.68,118148.68,118050.0,118072.71,44.13273
2025-07-27 20:00:00+08:00,118072.71,118111.34,118042.18,118091.89,68.07765
2025-07-27 20:15:00+08:00,118091.9,118093.99,117955.51,117979.78,101.00591
2025-07-27 20:30:00+08:00,117979.77,118023.48,117890.0,117904.84,64.65703
2025-07-27 20:45:00+08:00,117904.84,118107.67,117904.84,118097.39,65.20366
2025-07-27 21:00:00+08:00,118097.39,118200.0,118085.87,118179.08,52.68508
2025-07-27 21:15:00+08:00,118179.09,118215.0,118124.56,118181.54,51.48048
2025-07-27 21:30:00+08:00,118181.55,118200.4,118097.9,118140.96,43.8471
2025-07-27 21:45:00+08:00,118140.96,118217.6,118139.0,118201.99,69.83045
2025-07-27 22:00:00+08:00,118201.99,118340.0,118149.96,118295.24,132.40441
2025-07-27 22:15:00+08:00,118295.24,118436.94,118295.23,118423.99,113.58728
2025-07-27 22:30:00+08:00,118424.0,118450.0,118258.21,118292.24,112.93571
2025-07-27 22:45:00+08:00,118292.23,118499.0,118182.51,118422.16,108.78183
2025-07-27 23:00:00+08:00,118422.16,118547.98,118236.84,118358.8,266.86081
2025-07-27 23:15:00+08:00,118358.79,118571.4,118304.96,118475.75,114.49215
2025-07-27 23:30:00+08:00,118475.74,118475.75,118271.0,118450.0,87.45041
2025-07-27 23:45:00+08:00,118450.0,118588.0,118403.97,118585.74,132.75169
2025-07-28 00:00:00+08:00,118585.75,119166.0,118585.75,119157.64,751.04614
2025-07-28 00:15:00+08:00,119157.63,119360.0,119082.61,119360.0,569.93255
2025-07-28 00:30:00+08:00,119359.99,119540.01,119289.05,119312.34,637.94345
2025-07-28 00:45:00+08:00,119312.33,119440.0,118948.0,119090.45,311.10685
2025-07-28 01:00:00+08:00,119090.46,119218.32,118975.65,119044.6,191.79477
2025-07-28 01:15:00+08:00,119044.6,119217.57,118855.58,119202.45,129.27467
2025-07-28 01:30:00+08:00,119202.45,119334.88,118995.7,119109.42,112.82778
2025-07-28 01:45:00+08:00,119109.42,119230.13,119071.9,119196.69,218.31264
2025-07-28 02:00:00+08:00,119196.68,119372.87,119169.48,119295.69,113.16986
2025-07-28 02:15:00+08:00,119295.7,119295.7,119124.23,119247.43,90.54974
2025-07-28 02:30:00+08:00,119247.44,119247.44,119000.0,119068.09,85.75034
2025-07-28 02:45:00+08:00,119068.09,119081.26,118942.9,119021.33,50.52323
2025-07-28 03:00:00+08:00,119021.33,119021.34,118895.09,118976.36,44.87985
2025-07-28 03:15:00+08:00,118976.35,118991.68,118895.1,118941.17,36.4904
2025-07-28 03:30:00+08:00,118941.16,119073.91,118941.16,118991.07,39.44813
2025-07-28 03:45:00+08:00,118991.08,119029.07,118920.0,118960.0,35.32194
2025-07-28 04:00:00+08:00,118960.01,119169.97,118950.04,119083.69,60.63463
2025-07-28 04:15:00+08:00,119083.69,119162.66,118925.47,118991.47,88.78466
2025-07-28 04:30:00+08:00,118991.47,118991.48,118845.4,118881.58,59.97694
2025-07-28 04:45:00+08:00,118881.59,118941.43,118713.74,118754.13,75.19443
2025-07-28 05:00:00+08:00,118754.13,118859.2,118747.76,118750.84,66.83209
2025-07-28 05:15:00+08:00,118750.84,119043.74,118724.0,119043.73,58.41323
2025-07-28 05:30:00+08:00,119043.73,119082.61,118956.0,119082.57,50.54944
2025-07-28 05:45:00+08:00,119082.58,119270.15,119074.59,119265.76,62.73405
2025-07-28 06:00:00+08:00,119265.75,119742.67,119228.56,119701.24,425.45514
2025-07-28 06:15:00+08:00,119701.25,119736.11,119555.34,119682.68,124.7384
2025-07-28 06:30:00+08:00,119682.68,119766.65,119648.01,119766.64,120.90141
2025-07-28 06:45:00+08:00,119766.64,119766.65,119490.04,119495.17,102.0893
2025-07-28 07:00:00+08:00,119495.16,119528.47,119119.53,119227.99,152.52774
2025-07-28 07:15:00+08:00,119227.99,119518.58,119227.98,119434.66,93.99111
2025-07-28 07:30:00+08:00,119434.67,119457.67,119340.0,119363.05,63.8082
2025-07-28 07:45:00+08:00,119363.06,119454.75,119326.21,119415.55,65.56574
2025-07-28 08:00:00+08:00,119415.56,119457.67,119340.0,119457.67,59.54403
2025-07-28 08:15:00+08:00,119457.66,119690.32,119422.35,119645.44,200.81516
2025-07-28 08:30:00+08:00,119645.43,119645.43,119252.7,119252.7,111.71899
2025-07-28 08:45:00+08:00,119252.71,119377.4,119126.09,119236.72,93.95115
2025-07-28 09:00:00+08:00,119236.72,119337.03,119066.0,119213.02,114.8006
2025-07-28 09:15:00+08:00,119213.01,119480.0,119172.02,119390.0,107.47935
2025-07-28 09:30:00+08:00,119390.01,119390.01,119066.06,119073.3,103.79131
2025-07-28 09:45:00+08:00,119073.3,119120.13,118960.5,119037.77,149.70093
2025-07-28 10:00:00+08:00,119037.77,119238.68,119021.11,119210.86,98.04482
2025-07-28 10:15:00+08:00,119210.86,119530.4,119210.86,119459.96,105.60978
2025-07-28 10:30:00+08:00,119459.96,119800.0,119458.24,119599.99,256.10746
2025-07-28 10:45:00+08:00,119600.0,119630.0,119380.0,119434.14,118.37557
2025-07-28 11:00:00+08:00,119434.14,119521.03,119313.35,119365.16,58.36628
2025-07-28 11:15:00+08:00,119365.17,119469.74,119272.95,119280.87,85.14714
2025-07-28 11:30:00+08:00,119280.86,119351.1,119239.82,119239.82,97.91835
2025-07-28 11:45:00+08:00,119239.82,119307.47,119234.37,119287.99,63.16076
2025-07-28 12:00:00+08:00,119287.99,119423.58,119258.3,119258.3,96.20742
2025-07-28 12:15:00+08:00,119258.3,119258.31,119132.16,119152.26,63.47238
2025-07-28 12:30:00+08:00,119152.26,119311.87,119128.46,119280.0,89.90403
2025-07-28 12:45:00+08:00,119280.0,119343.74,119195.89,119218.05,91.52322
2025-07-28 13:00:00+08:00,119218.06,119298.99,119138.24,119266.48,78.09089
2025-07-28 13:15:00+08:00,119266.49,119463.85,119266.49,119383.67,260.64934
2025-07-28 13:30:00+08:00,119383.67,119521.19,119261.61,119514.75,198.50015
2025-07-28 13:45:00+08:00,119514.75,119701.07,119394.21,119526.13,250.32232
2025-07-28 14:00:00+08:00,119526.13,119600.0,119510.1,119576.39,111.70999
2025-07-28 14:15:00+08:00,119576.38,119596.51,119464.05,119490.0,127.8834
2025-07-28 14:30:00+08:00,119490.0,119490.01,119440.0,119477.65,58.16487
2025-07-28 14:45:00+08:00,119477.64,119489.84,119444.31,119448.02,51.82018
2025-07-28 15:00:00+08:00,119448.03,119448.03,118888.0,118890.01,212.08392
2025-07-28 15:15:00+08:00,118890.01,119142.76,118823.5,119067.88,308.53601
2025-07-28 15:30:00+08:00,119067.88,119067.88,118774.31,118907.18,255.21544
2025-07-28 15:45:00+08:00,118907.19,118951.0,118900.0,118900.0,105.97864
2025-07-28 16:00:00+08:00,118900.01,119056.96,118818.71,118914.75,140.76351
2025-07-28 16:15:00+08:00,118914.76,119085.0,118850.0,119016.71,69.00285
2025-07-28 16:30:00+08:00,119016.71,119030.0,118777.98,118879.8,163.87749
2025-07-28 16:45:00+08:00,118879.8,119102.69,118868.92,119072.45,185.13024
2025-07-28 17:00:00+08:00,119072.45,119072.45,118906.97,118909.78,96.53726
2025-07-28 17:15:00+08:00,118909.79,119004.0,118827.36,118835.99,91.57017
2025-07-28 17:30:00+08:00,118836.0,118849.59,118704.01,118744.98,121.32071
2025-07-28 17:45:00+08:00,118744.99,119019.83,118744.98,118930.87,57.96481
2025-07-28 18:00:00+08:00,118930.88,118935.94,118771.59,118771.6,41.81107
2025-07-28 18:15:00+08:00,118771.59,118953.52,118771.59,118934.7,35.56418
2025-07-28 18:30:00+08:00,118934.71,118934.71,118620.22,118658.98,129.8632
2025-07-28 18:45:00+08:00,118658.97,118785.76,118644.65,118764.53,153.47293
2025-07-28 19:00:00+08:00,118764.54,118873.78,118668.05,118690.94,158.29975
2025-07-28 19:15:00+08:00,118690.93,118720.22,118553.83,118562.5,171.7882
2025-07-28 19:30:00+08:00,118562.51,118776.32,118475.47,118716.84,317.83734
2025-07-28 19:45:00+08:00,118716.85,118833.76,118716.84,118827.49,125.37849
2025-07-28 20:00:00+08:00,118827.49,119038.21,118783.85,118914.76,168.21955
2025-07-28 20:15:00+08:00,118914.75,119093.68,118840.01,118930.13,162.97776
2025-07-28 20:30:00+08:00,118930.12,119009.66,118853.96,118979.99,270.12826
2025-07-28 20:45:00+08:00,118979.99,119021.4,118801.35,118845.24,177.70685
2025-07-28 21:00:00+08:00,118845.23,118871.14,118685.74,118696.58,75.08905
2025-07-28 21:15:00+08:00,118696.58,118764.65,118431.24,118609.31,191.42507
2025-07-28 21:30:00+08:00,118609.32,119085.79,118319.17,118664.26,425.3455
2025-07-28 21:45:00+08:00,118664.26,118785.76,118234.28,118434.78,407.05865
2025-07-28 22:00:00+08:00,118434.77,118685.02,118300.0,118478.4,195.75424
2025-07-28 22:15:00+08:00,118478.41,118515.99,118030.0,118094.33,446.78457
2025-07-28 22:30:00+08:00,118094.34,118271.82,117895.73,118257.94,461.34549
2025-07-28 22:45:00+08:00,118257.94,118274.59,117941.75,117985.93,197.09579
2025-07-28 23:00:00+08:00,117985.94,118197.3,117907.0,118187.66,175.94891
2025-07-28 23:15:00+08:00,118187.65,118432.0,118154.0,118431.99,162.65789
2025-07-28 23:30:00+08:00,118431.99,118500.0,118185.0,118238.85,92.95618
2025-07-28 23:45:00+08:00,118238.86,118385.0,118109.97,118174.9,182.11652
2025-07-29 00:00:00+08:00,118174.89,118174.9,118003.55,118074.0,99.21599
2025-07-29 00:15:00+08:00,118074.01,118310.34,118021.87,118293.68,149.29558
2025-07-29 00:30:00+08:00,118293.67,118366.86,118165.25,118320.0,114.69398
2025-07-29 00:45:00+08:00,118320.0,118376.61,118013.0,118028.88,109.11466
2025-07-29 01:00:00+08:00,118028.89,118048.84,117862.84,117862.84,160.38976
2025-07-29 01:15:00+08:00,117862.84,118019.65,117653.39,118019.65,327.4712
2025-07-29 01:30:00+08:00,118019.65,118112.24,117803.73,117855.16,177.91331
2025-07-29 01:45:00+08:00,117855.16,117863.65,117663.22,117667.86,124.07742
2025-07-29 02:00:00+08:00,117667.86,117796.15,117501.05,117784.98,236.38173
2025-07-29 02:15:00+08:00,117784.98,117812.57,117484.0,117552.02,190.70566
2025-07-29 02:30:00+08:00,117552.03,117777.94,117427.5,117736.58,134.19023
2025-07-29 02:45:00+08:00,117736.58,117856.37,117640.67,117776.56,109.19266
2025-07-29 03:00:00+08:00,117776.56,118185.71,117776.56,118146.26,209.62839
2025-07-29 03:15:00+08:00,118146.27,118244.46,118085.7,118092.85,153.54219
2025-07-29 03:30:00+08:00,118092.85,118092.85,117679.81,117685.39,132.4497
2025-07-29 03:45:00+08:00,117685.39,118096.66,117542.45,118068.73,147.29281
2025-07-29 04:00:00+08:00,118068.73,118162.17,117734.18,117768.06,118.4459
2025-07-29 04:15:00+08:00,117768.07,117853.55,117509.81,117509.82,122.75206
2025-07-29 04:30:00+08:00,117509.81,117981.02,117500.09,117845.17,91.3389
2025-07-29 04:45:00+08:00,117845.16,118080.0,117833.76,118044.93,67.39657
2025-07-29 05:00:00+08:00,118044.93,118180.0,117951.12,118050.0,71.98189
2025-07-29 05:15:00+08:00,118050.0,118165.0,117963.65,118098.07,66.38096
2025-07-29 05:30:00+08:00,118098.07,118338.69,118039.01,118332.73,99.41677
2025-07-29 05:45:00+08:00,118332.73,118350.01,117963.66,118106.9,96.60939
2025-07-29 06:00:00+08:00,118106.89,118266.06,118076.0,118111.71,90.33723
2025-07-29 06:15:00+08:00,118111.72,118215.52,118010.1,118135.67,62.36706
2025-07-29 06:30:00+08:00,118135.67,118183.4,117778.29,117871.39,135.79052
2025-07-29 06:45:00+08:00,117871.38,117985.3,117762.51,117854.35,81.70892
2025-07-29 07:00:00+08:00,117854.34,118015.66,117814.64,117950.66,62.29088
2025-07-29 07:15:00+08:00,117950.66,118172.37,117950.66,117980.6,78.59903
2025-07-29 07:30:00+08:00,117980.61,118134.75,117959.0,118023.14,49.96018
2025-07-29 07:45:00+08:00,118023.14,118146.19,117817.45,118062.32,53.42965
2025-07-29 08:00:00+08:00,118062.32,118285.0,117948.31,118285.0,82.2306
2025-07-29 08:15:00+08:00,118285.0,118450.0,118237.76,118242.22,114.65578
2025-07-29 08:30:00+08:00,118242.22,118280.0,117539.68,117706.52,277.40506
2025-07-29 08:45:00+08:00,117706.53,117979.8,117650.57,117979.8,74.06715
2025-07-29 09:00:00+08:00,117979.8,118115.26,117862.84,118080.95,64.07811
2025-07-29 09:15:00+08:00,118080.95,118240.0,118060.41,118210.84,36.41101
2025-07-29 09:30:00+08:00,118210.85,118247.62,118130.34,118148.19,50.57374
2025-07-29 09:45:00+08:00,118148.19,118148.2,117774.15,117774.16,113.59101
2025-07-29 10:00:00+08:00,117774.15,117953.34,117762.04,117896.31,100.30298
2025-07-29 10:15:00+08:00,117896.31,117907.06,117450.0,117905.05,248.9287
2025-07-29 10:30:00+08:00,117905.05,117981.02,117762.04,117963.66,92.08238
2025-07-29 10:45:00+08:00,117963.66,118102.79,117851.31,118095.6,109.52753
2025-07-29 11:00:00+08:00,118095.59,118443.53,118095.59,118406.88,217.23261
2025-07-29 11:15:00+08:00,118406.88,118406.88,118266.04,118340.15,154.69839
2025-07-29 11:30:00+08:00,118340.14,118499.0,118256.23,118496.1,207.13602
2025-07-29 11:45:00+08:00,118496.11,118800.0,118496.1,118764.85,299.95661
2025-07-29 12:00:00+08:00,118764.85,118799.99,118669.26,118765.99,126.73766
2025-07-29 12:15:00+08:00,118766.0,118766.0,118554.36,118653.16,119.58499
2025-07-29 12:30:00+08:00,118653.16,118685.0,118502.05,118514.87,111.3473
2025-07-29 12:45:00+08:00,118514.88,118568.95,118416.66,118533.93,84.03811
2025-07-29 13:00:00+08:00,118533.93,118753.2,118527.77,118666.23,75.89476
2025-07-29 13:15:00+08:00,118666.22,118666.23,118540.49,118649.26,95.06615
2025-07-29 13:30:00+08:00,118649.27,118748.77,118597.78,118746.94,135.28061
2025-07-29 13:45:00+08:00,118746.95,118852.0,118742.04,118800.0,168.83587
2025-07-29 14:00:00+08:00,118799.99,118862.0,118731.74,118861.99,109.94991
2025-07-29 14:15:00+08:00,118862.0,119061.68,118861.99,118919.79,226.42789
2025-07-29 14:30:00+08:00,118919.8,119000.0,118870.86,118992.7,139.22283
2025-07-29 14:45:00+08:00,118992.69,118992.7,118764.85,118764.85,189.00987
2025-07-29 15:00:00+08:00,118764.86,118944.15,118764.85,118839.8,143.03256
2025-07-29 15:15:00+08:00,118839.8,118881.42,118785.75,118820.72,143.88576
2025-07-29 15:30:00+08:00,118820.71,118971.4,118750.87,118971.4,230.00957
2025-07-29 15:45:00+08:00,118971.39,119273.36,118800.0,118882.37,481.66887
2025-07-29 16:00:00+08:00,118882.37,119012.65,118832.97,118989.39,72.7348
2025-07-29 16:15:00+08:00,118989.4,119051.0,118764.86,118796.71,76.69001
2025-07-29 16:30:00+08:00,118796.71,118979.11,118795.85,118971.67,62.68399
2025-07-29 16:45:00+08:00,118971.67,119022.96,118800.01,118923.8,90.65398
2025-07-29 17:00:00+08:00,118923.81,118985.0,118809.95,118818.22,95.56656
2025-07-29 17:15:00+08:00,118818.23,118948.02,118758.98,118924.82,54.94954
2025-07-29 17:30:00+08:00,118924.82,118924.83,118785.75,118913.07,118.54983
2025-07-29 17:45:00+08:00,118913.07,118913.07,118761.22,118784.79,116.19715
2025-07-29 18:00:00+08:00,118784.8,118828.01,118560.0,118586.8,215.2455
2025-07-29 18:15:00+08:00,118586.79,118708.51,118543.11,118659.32,166.13026
2025-07-29 18:30:00+08:00,118659.33,118770.07,118499.0,118499.01,133.04413
2025-07-29 18:45:00+08:00,118499.01,118536.2,118300.0,118317.75,182.88149
2025-07-29 19:00:00+08:00,118317.74,118409.19,118160.87,118409.18,212.39632
2025-07-29 19:15:00+08:00,118409.19,118511.66,118348.64,118502.2,91.32187
2025-07-29 19:30:00+08:00,118502.21,118509.62,118350.63,118441.39,214.75124
2025-07-29 19:45:00+08:00,118441.38,118592.39,118400.0,118592.38,59.15684
2025-07-29 20:00:00+08:00,118592.38,118700.0,118450.0,118486.58,91.68502
2025-07-29 20:15:00+08:00,118486.58,119035.0,118486.58,118932.79,290.00532
2025-07-29 20:30:00+08:00,118932.78,119080.81,118785.75,119050.9,201.3273
2025-07-29 20:45:00+08:00,119050.91,119050.91,118820.0,118906.85,204.24665
2025-07-29 21:00:00+08:00,118906.85,118949.0,118770.06,118875.86,199.331
2025-07-29 21:15:00+08:00,118875.85,118955.0,118820.36,118950.0,84.55102
2025-07-29 21:30:00+08:00,118949.99,119029.54,118669.26,118840.01,155.94467
2025-07-29 21:45:00+08:00,118840.0,118900.0,118527.01,118621.27,217.62558
2025-07-29 22:00:00+08:00,118621.27,118635.58,117963.4,118159.21,561.46945
2025-07-29 22:15:00+08:00,118159.2,118366.6,118123.93,118271.23,195.03113
2025-07-29 22:30:00+08:00,118271.22,118303.19,118064.45,118256.63,192.86446
2025-07-29 22:45:00+08:00,118256.63,118317.15,117701.0,117823.67,378.92556
2025-07-29 23:00:00+08:00,117823.66,117955.39,117661.24,117780.01,309.19626
2025-07-29 23:15:00+08:00,117780.0,117834.57,117519.79,117532.79,248.67156
2025-07-29 23:30:00+08:00,117532.79,117629.87,117272.0,117444.28,545.82165
2025-07-29 23:45:00+08:00,117444.29,117632.91,117358.6,117400.01,297.25975
2025-07-30 00:00:00+08:00,117400.02,117509.38,117330.94,117437.79,247.16746
2025-07-30 00:15:00+08:00,117437.8,117579.18,117300.0,117332.23,210.17552
2025-07-30 00:30:00+08:00,117332.22,117459.4,116950.75,117459.39,456.36947
2025-07-30 00:45:00+08:00,117459.4,117758.13,117429.99,117739.03,211.44405
2025-07-30 01:00:00+08:00,117739.03,117909.79,117629.99,117901.9,161.31206
2025-07-30 01:15:00+08:00,117901.89,117963.66,117732.15,117913.32,135.74256
2025-07-30 01:30:00+08:00,117913.32,118057.05,117675.0,117675.0,143.89538
2025-07-30 01:45:00+08:00,117675.0,117860.95,117675.0,117773.69,71.54259
2025-07-30 02:00:00+08:00,117773.69,117824.59,117512.0,117592.81,80.66557
2025-07-30 02:15:00+08:00,117592.81,117725.92,117482.4,117725.92,57.60279
2025-07-30 02:30:00+08:00,117725.92,117811.77,117660.0,117692.21,48.40402
2025-07-30 02:45:00+08:00,117692.21,117788.38,117500.74,117606.72,73.93394
2025-07-30 03:00:00+08:00,117606.74,117780.0,117553.55,117780.0,86.35291
2025-07-30 03:15:00+08:00,117780.0,118000.0,117420.0,117462.94,229.36887
2025-07-30 03:30:00+08:00,117462.94,117596.29,117440.0,117560.13,73.47287
2025-07-30 03:45:00+08:00,117560.13,117661.25,117516.63,117525.29,153.61328
2025-07-30 04:00:00+08:00,117525.28,117633.25,117105.26,117228.3,246.10685
2025-07-30 04:15:00+08:00,117228.3,117871.39,117180.0,117561.58,280.23829
2025-07-30 04:30:00+08:00,117561.31,117585.35,117094.96,117211.99,183.99064
2025-07-30 04:45:00+08:00,117211.99,117514.28,117134.98,117514.28,113.46469
2025-07-30 05:00:00+08:00,117514.49,117553.51,117296.49,117439.03,213.01192
2025-07-30 05:15:00+08:00,117439.03,117439.03,117190.83,117354.71,117.81878
2025-07-30 05:30:00+08:00,117354.71,117376.26,117260.01,117269.45,97.43192
2025-07-30 05:45:00+08:00,117269.46,117701.1,117269.45,117606.79,42.42415
2025-07-30 06:00:00+08:00,117606.79,117736.36,117459.04,117459.05,88.84989
2025-07-30 06:15:00+08:00,117459.05,117735.91,117459.05,117735.9,43.76285
2025-07-30 06:30:00+08:00,117735.91,117789.99,117702.63,117749.7,54.79767
2025-07-30 06:45:00+08:00,117749.7,117860.0,117749.69,117848.03,52.38998
2025-07-30 07:00:00+08:00,117848.03,117890.0,117800.0,117836.07,39.14063
2025-07-30 07:15:00+08:00,117836.08,117940.38,117824.27,117940.38,43.8067
2025-07-30 07:30:00+08:00,117940.37,118000.0,117772.58,117772.59,61.43471
2025-07-30 07:45:00+08:00,117772.58,117950.76,117729.8,117950.76,58.42116
2025-07-30 08:00:00+08:00,117950.75,117962.84,117796.14,117948.97,53.02601
2025-07-30 08:15:00+08:00,117948.96,117995.98,117716.03,117716.03,61.67723
2025-07-30 08:30:00+08:00,117716.03,117770.72,117545.88,117618.13,81.61814
2025-07-30 08:45:00+08:00,117618.12,117757.92,117538.15,117744.77,49.99361
2025-07-30 09:00:00+08:00,117744.78,117793.4,117683.8,117766.66,46.24604
2025-07-30 09:15:00+08:00,117766.67,117772.0,117412.53,117565.35,78.04905
2025-07-30 09:30:00+08:00,117565.36,117888.0,117538.67,117879.85,52.84778
2025-07-30 09:45:00+08:00,117879.85,118012.78,117836.76,117862.05,57.70892
2025-07-30 10:00:00+08:00,117862.05,118108.0,117796.14,118097.73,75.20779
2025-07-30 10:15:00+08:00,118097.74,118119.0,117901.94,117945.93,72.8508
2025-07-30 10:30:00+08:00,117945.93,118119.0,117871.77,118068.18,109.31741
2025-07-30 10:45:00+08:00,118068.17,118100.0,118000.0,118024.11,73.31694
2025-07-30 11:00:00+08:00,118024.1,118039.69,117905.61,117999.0,67.10538
2025-07-30 11:15:00+08:00,117999.0,118100.0,117911.44,118100.0,75.65552
2025-07-30 11:30:00+08:00,118099.99,118161.0,118081.32,118158.0,128.95392
2025-07-30 11:45:00+08:00,118158.0,118250.0,118046.33,118161.87,142.81052
2025-07-30 12:00:00+08:00,118161.86,118275.18,118152.46,118223.54,60.21968
2025-07-30 12:15:00+08:00,118223.55,118247.6,118165.25,118181.74,73.03848
2025-07-30 12:30:00+08:00,118181.73,118181.74,117963.65,118043.21,88.13334
2025-07-30 12:45:00+08:00,118043.22,118044.99,117967.34,117993.52,44.95852
2025-07-30 13:00:00+08:00,117993.52,118080.0,117711.47,117711.48,63.85959
2025-07-30 13:15:00+08:00,117711.47,117980.0,117667.33,117977.0,124.10419
2025-07-30 13:30:00+08:00,117977.01,117984.26,117881.82,117926.48,36.16735
2025-07-30 13:45:00+08:00,117926.48,118041.06,117862.84,117992.26,45.63911
2025-07-30 14:00:00+08:00,117992.26,118106.0,117992.25,118065.21,57.45771
2025-07-30 14:15:00+08:00,118065.21,118202.28,118065.2,118202.0,119.21969
2025-07-30 14:30:00+08:00,118201.99,118300.0,118103.8,118299.99,135.15339
2025-07-30 14:45:00+08:00,118299.99,118326.56,118218.64,118287.31,84.89242
2025-07-30 15:00:00+08:00,118287.31,118412.11,118206.06,118212.32,99.50938
2025-07-30 15:15:00+08:00,118212.33,118364.14,118200.0,118355.0,62.17353
2025-07-30 15:30:00+08:00,118354.99,118379.07,118176.23,118253.39,81.50398
2025-07-30 15:45:00+08:00,118253.39,118253.4,118118.0,118123.01,56.05927
2025-07-30 16:00:00+08:00,118123.0,118263.76,118022.23,118022.24,70.43339
2025-07-30 16:15:00+08:00,118022.23,118160.0,117939.99,118160.0,159.51504
2025-07-30 16:30:00+08:00,118160.0,118364.12,118075.49,118361.27,111.61416
2025-07-30 16:45:00+08:00,118361.27,118481.81,118360.48,118372.73,125.12139
2025-07-30 17:00:00+08:00,118372.73,118427.98,118226.58,118260.97,72.65853
2025-07-30 17:15:00+08:00,118260.97,118306.34,118145.52,118149.98,50.48131
2025-07-30 17:30:00+08:00,118149.99,118161.06,117985.98,118040.01,73.70887
2025-07-30 17:45:00+08:00,118040.0,118210.99,118040.0,118164.08,101.30167
2025-07-30 18:00:00+08:00,118164.08,118357.43,118164.08,118330.51,110.55145
2025-07-30 18:15:00+08:00,118330.51,118330.83,118217.0,118326.08,120.08629
2025-07-30 18:30:00+08:00,118326.08,118450.0,118292.42,118393.06,306.54539
2025-07-30 18:45:00+08:00,118393.06,118471.69,117928.13,118020.18,278.85189
2025-07-30 19:00:00+08:00,118020.17,118184.0,117988.33,118081.68,80.50379
2025-07-30 19:15:00+08:00,118081.68,118098.06,117800.44,117821.54,142.54643
2025-07-30 19:30:00+08:00,117821.54,117986.21,117798.0,117798.01,121.50321
2025-07-30 19:45:00+08:00,117798.01,117847.41,117358.84,117579.99,302.59514
2025-07-30 20:00:00+08:00,117579.99,117643.56,117358.84,117483.4,147.66864
2025-07-30 20:15:00+08:00,117483.4,117846.7,117362.29,117739.19,215.75348
2025-07-30 20:30:00+08:00,117739.18,117909.01,117560.44,117583.68,216.41448
2025-07-30 20:45:00+08:00,117583.67,117854.65,117575.69,117739.02,96.55281
2025-07-30 21:00:00+08:00,117739.02,117888.0,117415.62,117537.69,246.3826
2025-07-30 21:15:00+08:00,117537.68,117835.74,117459.85,117507.3,223.05348
2025-07-30 21:30:00+08:00,117507.31,117820.0,117437.0,117659.18,202.68373
2025-07-30 21:45:00+08:00,117659.18,117817.93,117464.78,117675.79,229.16015
2025-07-30 22:00:00+08:00,117675.78,117880.0,117610.93,117840.13,111.63086
2025-07-30 22:15:00+08:00,117840.13,118000.0,117715.66,117736.96,230.30544
2025-07-30 22:30:00+08:00,117736.96,118200.0,117736.96,118113.29,234.76078
2025-07-30 22:45:00+08:00,118113.29,118728.15,118063.49,118714.35,526.77101
2025-07-30 23:00:00+08:00,118714.35,118792.0,118308.11,118375.2,449.98095
2025-07-30 23:15:00+08:00,118375.2,118459.28,118100.0,118161.15,230.11074
2025-07-30 23:30:00+08:00,118161.16,118227.12,118064.45,118118.24,234.46141
2025-07-30 23:45:00+08:00,118118.23,118203.42,117834.24,118000.01,199.22556
2025-07-31 00:00:00+08:00,118000.01,118021.88,117635.3,117800.46,212.05138
2025-07-31 00:15:00+08:00,117800.46,118014.67,117762.86,117800.44,257.2866
2025-07-31 00:30:00+08:00,117800.44,117878.01,117700.63,117768.18,137.08427
2025-07-31 00:45:00+08:00,117768.18,117830.69,117675.0,117734.8,104.08018
2025-07-31 01:00:00+08:00,117734.8,117875.61,117704.0,117757.09,105.26609
2025-07-31 01:15:00+08:00,117757.1,117940.0,117718.13,117803.81,152.93022
2025-07-31 01:30:00+08:00,117803.81,117862.85,117739.02,117807.24,146.69246
2025-07-31 01:45:00+08:00,117807.24,117835.01,117650.0,117802.1,186.48978
2025-07-31 02:00:00+08:00,117802.11,118037.18,117403.88,117661.25,343.93071
2025-07-31 02:15:00+08:00,117661.25,117862.85,117523.25,117739.14,246.44183
2025-07-31 02:30:00+08:00,117739.14,117829.43,117266.0,117436.26,296.90754
2025-07-31 02:45:00+08:00,117436.27,117499.08,116509.47,116523.14,959.33669
2025-07-31 03:00:00+08:00,116523.15,116561.91,115796.23,116282.89,1148.16222
2025-07-31 03:15:00+08:00,116282.9,116459.84,116164.79,116459.84,491.90404
2025-07-31 03:30:00+08:00,116459.83,116769.23,116253.6,116740.0,580.64324
2025-07-31 03:45:00+08:00,116740.0,117123.8,116617.7,116916.73,351.94327
2025-07-31 04:00:00+08:00,116916.73,117325.94,116880.64,117291.77,198.28433
2025-07-31 04:15:00+08:00,117291.77,117325.14,117086.42,117114.19,128.26077
2025-07-31 04:30:00+08:00,117114.19,117207.44,116980.63,117034.31,84.65817
2025-07-31 04:45:00+08:00,117034.32,117175.72,116935.03,117175.71,104.55953
2025-07-31 05:00:00+08:00,117175.72,117231.16,117100.0,117103.56,44.02573
2025-07-31 05:15:00+08:00,117103.56,117188.85,117000.0,117000.01,48.54586
2025-07-31 05:30:00+08:00,117000.0,117114.02,116955.64,117048.85,42.42976
2025-07-31 05:45:00+08:00,117048.85,117336.34,117048.85,117326.82,79.49063
2025-07-31 06:00:00+08:00,117326.82,117437.01,117253.73,117349.48,92.32954
2025-07-31 06:15:00+08:00,117349.49,117430.0,117260.0,117303.04,96.252
2025-07-31 06:30:00+08:00,117303.05,117445.42,117280.0,117445.42,78.70446
2025-07-31 06:45:00+08:00,117445.42,117497.17,117387.08,117486.49,48.95488
2025-07-31 07:00:00+08:00,117486.48,117588.68,117460.0,117551.32,107.12083
2025-07-31 07:15:00+08:00,117551.31,117571.03,117515.45,117571.03,40.89055
2025-07-31 07:30:00+08:00,117571.03,117735.07,117571.02,117735.07,72.71949
2025-07-31 07:45:00+08:00,117735.06,117908.4,117735.06,117840.3,116.9505
2025-07-31 08:00:00+08:00,117840.29,117932.93,117781.87,117896.23,74.58497
2025-07-31 08:15:00+08:00,117896.23,118063.6,117884.14,118063.49,111.44501
2025-07-31 08:30:00+08:00,118063.5,118343.08,118040.01,118343.07,205.40802
2025-07-31 08:45:00+08:00,118343.07,118542.39,118279.6,118415.8,408.6306
2025-07-31 09:00:00+08:00,118415.8,118456.46,118302.45,118435.73,162.99231
2025-07-31 09:15:00+08:00,118435.72,118443.75,118165.25,118307.89,157.34019
2025-07-31 09:30:00+08:00,118307.9,118343.08,118203.82,118247.26,57.68687
2025-07-31 09:45:00+08:00,118247.26,118247.27,117992.71,118055.32,85.79204
2025-07-31 10:00:00+08:00,118055.32,118262.94,117981.02,118242.41,96.46614
2025-07-31 10:15:00+08:00,118242.41,118266.06,118165.25,118188.22,114.75255
2025-07-31 10:30:00+08:00,118188.22,118436.0,118188.22,118436.0,137.1045
2025-07-31 10:45:00+08:00,118435.99,118520.32,118343.07,118447.52,237.0494
2025-07-31 11:00:00+08:00,118447.52,118489.88,118385.0,118424.0,110.11367
2025-07-31 11:15:00+08:00,118424.01,118447.32,118386.34,118447.32,62.69908
2025-07-31 11:30:00+08:00,118447.32,118475.04,118386.34,118475.04,115.2087
2025-07-31 11:45:00+08:00,118475.03,118600.0,118435.64,118466.14,170.29927
2025-07-31 12:00:00+08:00,118466.15,118486.8,118421.96,118450.98,73.88808
2025-07-31 12:15:00+08:00,118450.98,118455.11,118364.13,118374.48,103.19158
2025-07-31 12:30:00+08:00,118374.49,118550.0,118374.48,118463.88,112.53314
2025-07-31 12:45:00+08:00,118463.87,118545.36,118463.87,118511.53,69.70797
2025-07-31 13:00:00+08:00,118511.52,118540.0,118364.0,118364.0,85.97279
2025-07-31 13:15:00+08:00,118364.01,118435.73,118343.07,118381.96,57.06327
2025-07-31 13:30:00+08:00,118381.96,118419.14,118353.47,118353.48,59.15129
2025-07-31 13:45:00+08:00,118353.48,118387.48,118331.63,118362.0,75.6456
2025-07-31 14:00:00+08:00,118362.01,118407.63,118287.63,118296.0,70.44623
2025-07-31 14:15:00+08:00,118296.01,118425.78,118296.0,118425.78,84.91402
2025-07-31 14:30:00+08:00,118425.78,118599.12,118401.71,118578.16,128.76839
2025-07-31 14:45:00+08:00,118578.17,118725.59,118578.16,118691.78,268.22789
2025-07-31 15:00:00+08:00,118691.79,118741.68,118604.22,118736.73,155.86022
2025-07-31 15:15:00+08:00,118736.73,118922.45,118727.65,118833.71,349.98308
2025-07-31 15:30:00+08:00,118833.72,118833.72,118626.86,118647.89,149.75168
2025-07-31 15:45:00+08:00,118647.88,118720.0,118646.9,118665.97,62.86211
2025-07-31 16:00:00+08:00,118665.98,118720.0,118616.25,118636.0,82.96507
2025-07-31 16:15:00+08:00,118636.0,118664.78,118591.73,118638.06,65.28018
2025-07-31 16:30:00+08:00,118638.05,118770.07,118582.75,118770.06,77.45784
2025-07-31 16:45:00+08:00,118770.07,118770.07,118568.46,118593.94,84.58128
2025-07-31 17:00:00+08:00,118593.95,118593.95,118500.0,118525.08,52.92827
2025-07-31 17:15:00+08:00,118525.08,118535.13,118467.65,118533.46,80.66421
2025-07-31 17:30:00+08:00,118533.46,118570.0,118508.28,118535.21,59.96057
2025-07-31 17:45:00+08:00,118535.22,118617.96,118535.22,118605.58,54.88796
2025-07-31 18:00:00+08:00,118605.58,118719.42,118544.42,118556.36,74.855
2025-07-31 18:15:00+08:00,118556.37,118574.16,118441.11,118469.04,77.55665
2025-07-31 18:30:00+08:00,118469.05,118544.43,118435.72,118544.43,62.38576
2025-07-31 18:45:00+08:00,118544.42,118629.34,118493.04,118505.02,70.34255
2025-07-31 19:00:00+08:00,118505.02,118560.0,118480.0,118535.14,125.04007
2025-07-31 19:15:00+08:00,118535.14,118540.83,118413.96,118420.0,145.35201
2025-07-31 19:30:00+08:00,118420.0,118494.55,118343.07,118365.26,100.01872
2025-07-31 19:45:00+08:00,118365.26,118391.46,118278.91,118371.25,75.93017
2025-07-31 20:00:00+08:00,118371.25,118490.81,118342.44,118432.38,138.11519
2025-07-31 20:15:00+08:00,118432.39,118544.28,118343.07,118541.64,88.35973
2025-07-31 20:30:00+08:00,118541.64,118541.64,118285.14,118407.67,112.95937
2025-07-31 20:45:00+08:00,118407.67,118645.1,118366.6,118626.18,96.42056
2025-07-31 21:00:00+08:00,118626.19,118626.19,118276.0,118276.0,58.84708
2025-07-31 21:15:00+08:00,118276.0,118355.98,118108.28,118146.82,184.97141
2025-07-31 21:30:00+08:00,118146.82,118587.21,117807.35,118330.01,385.7446
2025-07-31 21:45:00+08:00,118330.01,118702.1,118280.0,118557.01,177.26442
2025-07-31 22:00:00+08:00,118557.01,118660.17,118266.05,118320.0,116.65331
2025-07-31 22:15:00+08:00,118320.0,118371.35,117924.54,117979.15,301.36527
2025-07-31 22:30:00+08:00,117979.14,118228.54,117901.68,118045.88,374.9671
2025-07-31 22:45:00+08:00,118045.89,118186.88,117909.0,117913.18,250.64594
2025-07-31 23:00:00+08:00,117913.19,118200.0,117900.0,118032.08,200.89084
2025-07-31 23:15:00+08:00,118032.07,118199.63,117894.99,118034.85,596.00491
2025-07-31 23:30:00+08:00,118034.84,118343.07,118034.84,118292.4,221.37981
2025-07-31 23:45:00+08:00,118292.39,118351.0,118127.49,118306.18,152.69141
2025-08-01 00:00:00+08:00,118306.18,118425.22,118242.39,118348.22,233.08657
2025-08-01 00:15:00+08:00,118348.22,118543.12,118348.21,118543.11,87.25512
2025-08-01 00:30:00+08:00,118543.12,118879.14,118543.11,118628.85,440.98414
2025-08-01 00:45:00+08:00,118628.85,118663.67,118405.0,118538.53,114.9942
2025-08-01 01:00:00+08:00,118538.53,118557.71,118200.0,118284.13,110.38234
2025-08-01 01:15:00+08:00,118284.13,118385.0,117764.0,117866.54,216.80219
2025-08-01 01:30:00+08:00,117866.53,118141.73,117744.0,118077.29,306.51494
2025-08-01 01:45:00+08:00,118077.29,118223.8,117702.42,117728.0,399.13552
2025-08-01 02:00:00+08:00,117728.0,117796.15,117400.0,117542.01,369.48591
2025-08-01 02:15:00+08:00,117542.01,117930.05,117400.0,117930.05,258.04869
2025-08-01 02:30:00+08:00,117930.04,117998.38,117789.62,117826.3,187.53981
2025-08-01 02:45:00+08:00,117826.31,117941.72,117605.36,117658.8,131.679
2025-08-01 03:00:00+08:00,117658.81,117762.05,117200.01,117299.98,569.43495
2025-08-01 03:15:00+08:00,117299.99,117358.85,117123.43,117159.45,289.41129
2025-08-01 03:30:00+08:00,117159.46,117193.17,116867.49,116948.0,330.47526
2025-08-01 03:45:00+08:00,116948.0,117005.58,116763.43,116785.79,182.99025
2025-08-01 04:00:00+08:00,116785.78,116990.04,116561.91,116640.82,282.31992
2025-08-01 04:15:00+08:00,116640.83,116832.97,116450.8,116765.08,227.17143
2025-08-01 04:30:00+08:00,116765.09,116929.89,116455.0,116568.84,226.61154
2025-08-01 04:45:00+08:00,116568.84,116629.84,116450.0,116514.0,239.77468
2025-08-01 05:00:00+08:00,116514.0,116754.04,116485.31,116547.93,200.6678
2025-08-01 05:15:00+08:00,116547.94,116783.08,116524.0,116783.07,111.16805
2025-08-01 05:30:00+08:00,116783.08,116909.67,116653.23,116736.03,120.05699
2025-08-01 05:45:00+08:00,116736.04,116778.92,116228.77,116536.96,310.87395
2025-08-01 06:00:00+08:00,116536.96,116536.97,116116.0,116294.02,270.00927
2025-08-01 06:15:00+08:00,116294.01,116398.58,116116.01,116290.31,189.85303
2025-08-01 06:30:00+08:00,116290.32,116297.24,116085.0,116214.0,212.85638
2025-08-01 06:45:00+08:00,116213.99,116278.23,116010.0,116010.6,161.36987
2025-08-01 07:00:00+08:00,116010.6,116362.99,115940.02,116362.99,367.9833
2025-08-01 07:15:00+08:00,116362.98,116362.99,116037.76,116040.21,132.99553
2025-08-01 07:30:00+08:00,116040.21,116040.21,115500.0,115743.58,535.60137
2025-08-01 07:45:00+08:00,115743.58,115860.0,115573.45,115764.08,229.44609
2025-08-01 08:00:00+08:00,115764.07,115829.46,115308.55,115313.01,302.1586
2025-08-01 08:15:00+08:00,115313.01,115933.0,115313.0,115800.01,450.53896
2025-08-01 08:30:00+08:00,115800.0,115800.0,115423.87,115517.98,184.42538
2025-08-01 08:45:00+08:00,115517.99,115527.53,114313.13,115427.27,1589.76467
2025-08-01 09:00:00+08:00,115427.27,115609.99,114600.0,114649.9,681.88318
2025-08-01 09:15:00+08:00,114649.9,115271.13,114638.65,115190.38,448.23535
2025-08-01 09:30:00+08:00,115190.37,115413.91,115000.0,115296.45,267.3881
2025-08-01 09:45:00+08:00,115296.46,115407.71,115060.11,115331.86,258.53358
2025-08-01 10:00:00+08:00,115328.67,115600.0,115221.07,115600.0,164.01244
2025-08-01 10:15:00+08:00,115600.0,115810.71,115511.6,115619.94,168.41087
2025-08-01 10:30:00+08:00,115619.95,116019.3,115572.53,115900.01,221.42297
2025-08-01 10:45:00+08:00,115900.01,116019.06,115843.42,115966.12,151.10934
2025-08-01 11:00:00+08:00,115966.11,115990.69,115794.14,115816.0,204.91471
2025-08-01 11:15:00+08:00,115816.0,116052.0,115816.0,116020.38,124.54361
2025-08-01 11:30:00+08:00,116020.39,116035.61,115828.61,115842.5,119.9479
2025-08-01 11:45:00+08:00,115842.5,115894.5,115613.21,115648.03,103.03605
2025-08-01 12:00:00+08:00,115648.03,115648.03,115266.64,115409.12,199.93377
2025-08-01 12:15:00+08:00,115409.12,115559.88,115381.04,115526.01,124.4637
2025-08-01 12:30:00+08:00,115526.01,115627.41,115459.35,115582.27,114.68698
2025-08-01 12:45:00+08:00,115582.26,115699.58,115485.46,115695.52,132.16346
2025-08-01 13:00:00+08:00,115695.53,115916.43,115660.0,115847.52,129.80501
2025-08-01 13:15:00+08:00,115847.53,115847.53,115481.14,115588.93,90.23045
2025-08-01 13:30:00+08:00,115588.93,115754.5,115441.18,115510.7,148.93913
2025-08-01 13:45:00+08:00,115510.7,115660.37,115385.92,115568.0,142.2174
2025-08-01 14:00:00+08:00,115568.0,115658.09,115408.17,115424.0,130.08858
2025-08-01 14:15:00+08:00,115423.99,115497.62,115242.37,115258.0,124.74009
2025-08-01 14:30:00+08:00,115258.0,115328.48,115078.16,115084.16,208.43065
2025-08-01 14:45:00+08:00,115084.17,115203.13,115065.55,115156.51,166.13786
2025-08-01 15:00:00+08:00,115156.52,115300.0,114880.0,114974.68,277.64623
2025-08-01 15:15:00+08:00,114974.69,115133.21,114810.43,114840.96,288.0346
2025-08-01 15:30:00+08:00,114840.96,114887.07,114633.18,114772.9,350.55907
2025-08-01 15:45:00+08:00,114772.91,115098.81,114728.38,115081.77,324.43036
2025-08-01 16:00:00+08:00,115081.76,115081.76,114414.74,114670.46,411.38919
2025-08-01 16:15:00+08:00,114670.46,114768.69,114349.9,114430.3,379.27114
2025-08-01 16:30:00+08:00,114430.31,114640.0,114116.0,114590.88,460.7169
2025-08-01 16:45:00+08:00,114590.88,114780.0,114560.0,114615.99,181.18342
2025-08-01 17:00:00+08:00,114615.98,115112.99,114555.41,115004.76,302.81005
2025-08-01 17:15:00+08:00,115004.76,115306.83,114968.59,115306.83,182.40716
2025-08-01 17:30:00+08:00,115306.83,115340.0,115122.26,115201.6,152.88383
2025-08-01 17:45:00+08:00,115201.59,115201.59,114931.68,114938.67,210.10821
2025-08-01 18:00:00+08:00,114938.66,115158.55,114878.61,115158.55,95.63425
2025-08-01 18:15:00+08:00,115158.55,115203.13,115010.7,115020.08,99.52024
2025-08-01 18:30:00+08:00,115020.08,115029.25,114786.72,114945.91,194.4225
2025-08-01 18:45:00+08:00,114945.9,115022.11,114710.02,114762.58,173.51101
2025-08-01 19:00:00+08:00,114762.58,114985.05,114602.4,114985.04,125.02643
2025-08-01 19:15:00+08:00,114985.05,115085.73,114793.03,115085.73,123.66819
2025-08-01 19:30:00+08:00,115085.72,115230.76,115056.95,115175.1,137.75315
2025-08-01 19:45:00+08:00,115175.1,115336.98,115150.7,115305.65,108.2235
2025-08-01 20:00:00+08:00,115305.64,115510.7,115254.87,115499.51,154.82651
2025-08-01 20:15:00+08:00,115499.51,115499.51,115219.68,115448.44,156.14898
2025-08-01 20:30:00+08:00,115448.44,115892.0,115142.62,115882.18,534.48191
2025-08-01 20:45:00+08:00,115882.18,115900.0,115636.16,115732.48,217.17799
2025-08-01 21:00:00+08:00,115732.48,116019.3,115700.0,115781.86,299.67511
2025-08-01 21:15:00+08:00,115781.86,115916.24,115525.47,115679.82,228.84314
2025-08-01 21:30:00+08:00,115679.82,115679.82,114984.87,114985.01,404.78873
2025-08-01 21:45:00+08:00,114985.01,115000.75,114172.0,114352.05,650.77007
2025-08-01 22:00:00+08:00,114352.04,115264.2,113988.47,115054.42,767.84596
2025-08-01 22:15:00+08:00,115054.42,115748.9,114922.01,115746.46,368.86952
2025-08-01 22:30:00+08:00,115746.45,115831.28,115367.71,115432.08,357.55476
2025-08-01 22:45:00+08:00,115432.17,115758.31,115371.61,115619.8,314.71976
2025-08-01 23:00:00+08:00,115619.8,115645.57,115057.25,115133.99,212.73382
2025-08-01 23:15:00+08:00,115133.98,115191.51,114676.03,114785.03,327.58547
2025-08-01 23:30:00+08:00,114786.06,115219.67,114690.51,115219.66,139.69898
2025-08-01 23:45:00+08:00,115219.67,115499.33,115160.0,115357.82,190.24215
2025-08-02 00:00:00+08:00,115357.82,115695.52,115305.64,115620.01,122.50219
2025-08-02 00:15:00+08:00,115620.0,115694.69,115492.05,115602.17,81.10302
2025-08-02 00:30:00+08:00,115602.17,115602.18,115009.27,115438.53,317.59982
2025-08-02 00:45:00+08:00,115438.53,115524.62,114817.81,115015.6,182.7196
2025-08-02 01:00:00+08:00,115015.6,115046.88,114520.92,114594.26,336.1043
2025-08-02 01:15:00+08:00,114594.25,114802.33,114501.0,114655.15,176.0815
2025-08-02 01:30:00+08:00,114655.14,115096.93,114432.99,114454.96,243.05894
2025-08-02 01:45:00+08:00,114454.95,114623.92,114345.0,114420.0,201.00413
2025-08-02 02:00:00+08:00,114420.0,114496.59,114048.44,114124.6,291.15369
2025-08-02 02:15:00+08:00,114124.6,114375.0,113669.01,114154.9,529.65846
2025-08-02 02:30:00+08:00,114154.9,114341.77,114065.07,114188.01,185.0372
2025-08-02 02:45:00+08:00,114188.0,114222.62,113738.63,113836.93,175.03888
2025-08-02 03:00:00+08:00,113836.92,113922.47,113621.0,113680.64,174.23989
2025-08-02 03:15:00+08:00,113680.64,113725.62,113251.0,113396.04,358.85864
2025-08-02 03:30:00+08:00,113396.04,113893.55,113221.93,113245.99,339.75904
2025-08-02 03:45:00+08:00,113246.0,113615.04,113221.96,113328.68,421.55572
2025-08-02 04:00:00+08:00,113328.67,113650.01,113168.22,113304.64,298.87861
2025-08-02 04:15:00+08:00,113304.64,113627.82,113186.32,113484.03,256.88955
2025-08-02 04:30:00+08:00,113484.02,113715.64,113408.47,113654.08,170.71513
2025-08-02 04:45:00+08:00,113654.08,113980.0,113588.77,113951.09,230.72049
2025-08-02 05:00:00+08:00,113951.1,114067.18,113841.64,113858.84,214.7616
2025-08-02 05:15:00+08:00,113858.84,114018.08,113700.0,114010.72,102.1909
2025-08-02 05:30:00+08:00,114010.73,114094.08,113953.33,113961.9,60.71385
2025-08-02 05:45:00+08:00,113961.9,114086.36,113886.18,113892.12,51.6314
2025-08-02 06:00:00+08:00,113892.11,114010.82,113505.62,113645.99,130.97904
2025-08-02 06:15:00+08:00,113645.99,113807.34,113180.0,113449.0,232.63604
2025-08-02 06:30:00+08:00,113449.01,113494.55,112888.0,113066.0,597.34428
2025-08-02 06:45:00+08:00,113066.0,113252.68,112722.58,113141.05,407.93369
2025-08-02 07:00:00+08:00,113141.05,113356.18,112908.54,113311.32,184.37083
2025-08-02 07:15:00+08:00,113311.32,113560.46,113238.69,113549.44,100.52142
2025-08-02 07:30:00+08:00,113549.44,113549.44,113224.37,113344.67,115.1983
2025-08-02 07:45:00+08:00,113344.67,113400.0,113211.26,113297.93,138.81683
2025-08-02 08:00:00+08:00,113297.92,113421.42,113198.63,113352.74,187.00643
2025-08-02 08:15:00+08:00,113352.74,113608.72,113337.7,113565.05,134.21559
2025-08-02 08:30:00+08:00,113565.04,113690.71,113436.52,113624.72,126.99041
2025-08-02 08:45:00+08:00,113624.72,113844.16,113624.72,113822.97,116.07163
2025-08-02 09:00:00+08:00,113822.97,113909.3,113670.82,113781.52,106.77896
2025-08-02 09:15:00+08:00,113781.52,113864.6,113512.81,113560.0,80.94457
2025-08-02 09:30:00+08:00,113560.0,113637.27,113420.76,113550.69,92.04604
2025-08-02 09:45:00+08:00,113550.69,113679.16,113506.22,113674.24,73.44324
2025-08-02 10:00:00+08:00,113674.23,113766.43,113610.87,113738.88,52.47331
2025-08-02 10:15:00+08:00,113738.89,113738.89,113534.3,113639.02,59.00446
2025-08-02 10:30:00+08:00,113639.02,113727.63,113622.34,113675.01,53.93887
2025-08-02 10:45:00+08:00,113675.0,113720.01,113610.95,113702.24,65.8545
2025-08-02 11:00:00+08:00,113702.24,113921.94,113702.24,113879.98,75.95355
2025-08-02 11:15:00+08:00,113879.99,113896.5,113765.41,113809.85,88.50399
2025-08-02 11:30:00+08:00,113809.85,113859.42,113759.34,113852.67,57.83165
2025-08-02 11:45:00+08:00,113852.67,113909.87,113810.53,113909.86,51.91541
2025-08-02 12:00:00+08:00,113909.87,113936.09,113850.01,113854.47,51.20473
2025-08-02 12:15:00+08:00,113854.48,113993.57,113820.0,113993.56,99.35022
2025-08-02 12:30:00+08:00,113993.57,114057.27,113993.56,114022.05,75.07219
2025-08-02 12:45:00+08:00,114022.05,114039.94,114005.34,114025.75,50.6749
2025-08-02 13:00:00+08:00,114025.76,114063.49,113886.37,113886.37,116.29318
2025-08-02 13:15:00+08:00,113886.38,114049.99,113855.01,114049.98,48.25864
2025-08-02 13:30:00+08:00,114049.98,114049.99,113964.21,113968.71,82.04739
2025-08-02 13:45:00+08:00,113968.71,114004.62,113917.0,113981.06,69.41784
2025-08-02 14:00:00+08:00,113981.07,113981.07,113823.85,113834.73,171.18993
2025-08-02 14:15:00+08:00,113834.74,113834.74,113562.39,113562.4,233.26449
2025-08-02 14:30:00+08:00,113562.4,113654.73,113469.43,113554.89,245.49088
2025-08-02 14:45:00+08:00,113554.89,113741.09,113554.88,113697.85,88.70704
2025-08-02 15:00:00+08:00,113697.85,113773.09,113556.19,113679.57,74.54486
2025-08-02 15:15:00+08:00,113679.58,113937.9,113679.58,113932.45,120.24597
2025-08-02 15:30:00+08:00,113932.46,113972.0,113849.0,113916.43,68.02271
2025-08-02 15:45:00+08:00,113916.44,114021.0,113916.43,113982.49,80.60504
2025-08-02 16:00:00+08:00,113982.49,113998.0,113942.91,113967.99,54.02027
2025-08-02 16:15:00+08:00,113968.0,114040.29,113877.3,113877.31,70.68403
2025-08-02 16:30:00+08:00,113877.31,113880.0,113723.05,113724.27,118.96231
2025-08-02 16:45:00+08:00,113724.27,113824.42,113676.81,113682.01,96.85406
2025-08-02 17:00:00+08:00,113682.01,113837.75,113682.0,113804.38,60.11952
2025-08-02 17:15:00+08:00,113804.39,113852.0,113718.83,113718.84,65.42752
2025-08-02 17:30:00+08:00,113718.84,113718.84,113572.19,113572.21,73.40375
2025-08-02 17:45:00+08:00,113572.2,113690.71,113572.2,113690.7,59.01642
2025-08-02 18:00:00+08:00,113690.71,113704.0,113595.89,113608.0,52.26721
2025-08-02 18:15:00+08:00,113608.0,113686.33,113501.0,113649.13,71.44306
2025-08-02 18:30:00+08:00,113649.13,113649.13,113425.58,113440.0,104.87195
2025-08-02 18:45:00+08:00,113440.0,113646.16,113439.99,113550.89,69.58076
2025-08-02 19:00:00+08:00,113550.89,113638.11,113451.77,113492.43,59.76116
2025-08-02 19:15:00+08:00,113492.44,113867.96,113492.43,113860.0,61.54334
2025-08-02 19:30:00+08:00,113860.01,113914.25,113799.83,113799.84,62.6132
2025-08-02 19:45:00+08:00,113799.83,113842.9,113736.01,113787.12,54.79371
2025-08-02 20:00:00+08:00,113787.11,113787.12,113708.98,113718.95,51.42194
2025-08-02 20:15:00+08:00,113718.95,113750.01,113687.23,113714.88,55.9513
2025-08-02 20:30:00+08:00,113714.88,113745.57,113572.11,113576.01,81.52149
2025-08-02 20:45:00+08:00,113576.01,113683.99,113564.99,113620.01,154.65273
2025-08-02 21:00:00+08:00,113620.01,113630.0,113450.0,113450.01,98.87864
2025-08-02 21:15:00+08:00,113450.0,113475.71,113284.64,113284.65,111.83603
2025-08-02 21:30:00+08:00,113284.65,113471.74,113218.0,113350.82,156.42387
2025-08-02 21:45:00+08:00,113350.82,113526.45,113331.09,113457.85,84.30063
2025-08-02 22:00:00+08:00,113457.86,113530.0,113350.56,113350.57,66.62581
2025-08-02 22:15:00+08:00,113350.56,113350.57,113123.85,113262.69,142.77199
2025-08-02 22:30:00+08:00,113262.68,113262.68,112977.0,112999.99,212.61647
2025-08-02 22:45:00+08:00,113000.0,113164.0,112939.39,113099.89,170.66793
2025-08-02 23:00:00+08:00,113099.9,113275.12,113090.01,113260.47,80.55269
2025-08-02 23:15:00+08:00,113260.47,113420.0,113246.73,113246.92,102.41334
2025-08-02 23:30:00+08:00,113246.91,113246.92,112968.59,113029.37,153.49812
2025-08-02 23:45:00+08:00,113029.37,113046.22,112802.31,112840.71,198.59573
2025-08-03 00:00:00+08:00,112840.7,112978.7,112700.07,112766.42,232.30504
2025-08-03 00:15:00+08:00,112766.41,113000.0,112720.0,112915.98,167.01209
2025-08-03 00:30:00+08:00,112915.99,113154.01,112865.36,113107.08,143.49308
2025-08-03 00:45:00+08:00,113107.08,113261.16,112981.82,113200.25,92.37001
2025-08-03 01:00:00+08:00,113200.25,113383.05,113160.0,113355.31,118.1143
2025-08-03 01:15:00+08:00,113355.32,113420.0,113268.34,113360.0,97.89702
2025-08-03 01:30:00+08:00,113359.99,113369.99,113111.86,113138.93,76.89088
2025-08-03 01:45:00+08:00,113138.93,113138.94,112584.23,112724.03,256.12218
2025-08-03 02:00:00+08:00,112724.04,112920.0,112500.0,112500.01,268.36675
2025-08-03 02:15:00+08:00,112500.0,112730.2,112341.18,112386.19,381.13372
2025-08-03 02:30:00+08:00,112386.18,112584.3,112300.0,112502.0,202.15223
2025-08-03 02:45:00+08:00,112502.0,112526.38,112099.22,112327.65,371.17677
2025-08-03 03:00:00+08:00,112327.65,112421.79,112003.0,112046.9,363.33185
2025-08-03 03:15:00+08:00,112046.9,112730.01,112013.87,112708.0,250.12902
2025-08-03 03:30:00+08:00,112708.01,112945.62,112618.79,112762.0,257.24122
2025-08-03 03:45:00+08:00,112762.01,112762.01,112222.28,112229.42,136.97043
2025-08-03 04:00:00+08:00,112229.42,112377.87,112069.86,112352.98,171.78128
2025-08-03 04:15:00+08:00,112352.99,112488.0,112100.16,112427.95,119.27393
2025-08-03 04:30:00+08:00,112427.96,112427.96,112300.0,112425.33,103.73335
2025-08-03 04:45:00+08:00,112425.32,112780.0,112363.21,112780.0,129.21471
2025-08-03 05:00:00+08:00,112780.0,112937.53,112595.88,112603.99,105.89425
2025-08-03 05:15:00+08:00,112603.99,112702.29,112562.02,112591.56,72.21405
2025-08-03 05:30:00+08:00,112591.56,112901.64,112591.55,112867.17,91.93126
2025-08-03 05:45:00+08:00,112867.18,113058.82,112844.79,112859.32,120.749
2025-08-03 06:00:00+08:00,112859.32,113011.63,112824.27,112824.28,99.40091
2025-08-03 06:15:00+08:00,112824.27,112840.57,112555.0,112586.72,72.08675
2025-08-03 06:30:00+08:00,112586.72,112849.95,112586.71,112796.02,55.19028
2025-08-03 06:45:00+08:00,112796.01,112966.68,112794.03,112862.14,69.23826
2025-08-03 07:00:00+08:00,112862.14,112873.83,112563.22,112615.34,95.4288
2025-08-03 07:15:00+08:00,112615.34,112717.29,112306.9,112308.86,383.47098
2025-08-03 07:30:00+08:00,112308.86,112766.04,112280.86,112706.38,182.06467
2025-08-03 07:45:00+08:00,112706.39,112765.75,112511.57,112546.35,65.50161
2025-08-03 08:00:00+08:00,112546.35,112722.63,112507.1,112659.79,106.61045
2025-08-03 08:15:00+08:00,112659.79,112789.93,112293.05,112371.8,138.09603
2025-08-03 08:30:00+08:00,112371.79,112702.57,111920.0,112634.7,456.05397
2025-08-03 08:45:00+08:00,112634.7,112992.27,112604.36,112956.04,120.7752
2025-08-03 09:00:00+08:00,112956.04,113145.13,112841.46,113020.01,150.61744
2025-08-03 09:15:00+08:00,113020.0,113208.98,112930.0,113201.01,88.8438
2025-08-03 09:30:00+08:00,113201.01,113269.92,113140.0,113200.77,119.16924
2025-08-03 09:45:00+08:00,113200.77,113200.77,112980.28,113107.99,122.87396
2025-08-03 10:00:00+08:00,113107.99,113400.0,113100.0,113399.99,160.41527
2025-08-03 10:15:00+08:00,113399.98,113425.01,113282.45,113357.09,180.37852
2025-08-03 10:30:00+08:00,113357.09,113441.0,113357.09,113427.8,52.37365
2025-08-03 10:45:00+08:00,113427.81,113517.58,113350.0,113517.58,57.27025
2025-08-03 11:00:00+08:00,113517.58,113539.96,113444.74,113466.0,69.72517
2025-08-03 11:15:00+08:00,113465.99,113556.2,113419.45,113517.57,88.15015
2025-08-03 11:30:00+08:00,113517.58,113725.0,113517.57,113714.42,133.46443
2025-08-03 11:45:00+08:00,113714.41,113740.69,113604.2,113604.2,61.72657
2025-08-03 12:00:00+08:00,113604.2,113604.2,113407.91,113407.92,60.51338
2025-08-03 12:15:00+08:00,113407.92,113530.25,113407.91,113528.14,59.36983
2025-08-03 12:30:00+08:00,113528.13,113528.14,113341.06,113388.0,84.2747
2025-08-03 12:45:00+08:00,113388.0,113474.4,113345.25,113468.41,33.46388
2025-08-03 13:00:00+08:00,113468.41,113507.99,113408.22,113495.0,56.05853
2025-08-03 13:15:00+08:00,113495.01,113599.49,113486.42,113595.31,40.51373
2025-08-03 13:30:00+08:00,113595.31,113659.0,113533.25,113546.16,73.35542
2025-08-03 13:45:00+08:00,113546.16,113623.81,113486.84,113618.52,33.86775
2025-08-03 14:00:00+08:00,113618.52,113636.5,113525.88,113525.89,54.67045
2025-08-03 14:15:00+08:00,113525.89,113587.77,113505.39,113541.97,29.01724
2025-08-03 14:30:00+08:00,113541.97,113586.3,113472.54,113477.99,31.60005
2025-08-03 14:45:00+08:00,113477.99,113559.34,113477.99,113559.34,32.25238
2025-08-03 15:00:00+08:00,113559.34,113682.38,113559.34,113675.41,45.52556
2025-08-03 15:15:00+08:00,113675.41,113712.88,113629.37,113712.87,36.39622
2025-08-03 15:30:00+08:00,113712.87,113720.16,113666.75,113700.0,32.46144
2025-08-03 15:45:00+08:00,113700.01,113700.01,113663.31,113700.0,60.93641
2025-08-03 16:00:00+08:00,113700.0,113780.0,113699.99,113779.99,74.90459
2025-08-03 16:15:00+08:00,113780.0,113790.0,113680.62,113680.62,56.40804
2025-08-03 16:30:00+08:00,113680.63,113680.63,113581.4,113600.0,85.04273
2025-08-03 16:45:00+08:00,113600.0,113697.02,113551.0,113692.0,66.02938
2025-08-03 17:00:00+08:00,113692.01,113710.51,113630.3,113674.01,74.5224
2025-08-03 17:15:00+08:00,113674.01,113691.75,113630.62,113659.99,61.70022
2025-08-03 17:30:00+08:00,113659.98,113692.47,113634.52,113662.94,70.65378
2025-08-03 17:45:00+08:00,113662.94,113689.29,113648.23,113654.95,27.22305
2025-08-03 18:00:00+08:00,113654.95,113771.47,113654.94,113771.47,32.00778
2025-08-03 18:15:00+08:00,113771.46,113780.0,113748.07,113764.34,32.58243
2025-08-03 18:30:00+08:00,113764.33,113829.53,113720.01,113810.55,65.87547
2025-08-03 18:45:00+08:00,113810.54,113900.0,113806.0,113899.99,51.14248
2025-08-03 19:00:00+08:00,113899.99,114260.31,113899.99,114231.95,244.10301
2025-08-03 19:15:00+08:00,114231.95,114231.95,113996.49,114004.23,167.09185
2025-08-03 19:30:00+08:00,114004.24,114005.84,113900.49,113946.62,68.36192
2025-08-03 19:45:00+08:00,113946.62,114051.74,113861.18,113862.18,82.55964
2025-08-03 20:00:00+08:00,113862.19,113883.75,113684.86,113742.75,117.40643
2025-08-03 20:15:00+08:00,113742.75,113800.0,113656.4,113788.0,65.85009
2025-08-03 20:30:00+08:00,113788.0,114000.0,113765.86,113999.99,82.0554
2025-08-03 20:45:00+08:00,113999.99,114098.45,113966.5,114009.99,72.03296
2025-08-03 21:00:00+08:00,114010.0,114095.35,113931.51,114071.49,114.40621
2025-08-03 21:15:00+08:00,114071.5,114075.0,113803.0,113846.06,67.10214
2025-08-03 21:30:00+08:00,113846.05,113985.42,113846.05,113894.21,35.629
2025-08-03 21:45:00+08:00,113894.21,113943.44,113811.17,113939.0,40.40191
2025-08-03 22:00:00+08:00,113939.0,114065.54,113758.03,113828.65,77.51825
2025-08-03 22:15:00+08:00,113828.65,113874.55,113579.69,113642.0,120.95784
2025-08-03 22:30:00+08:00,113641.99,113852.6,113613.99,113818.87,87.36688
2025-08-03 22:45:00+08:00,113818.86,113830.45,113720.0,113792.28,34.32379
2025-08-03 23:00:00+08:00,113792.29,113792.29,113680.0,113767.96,44.4619
2025-08-03 23:15:00+08:00,113767.95,113873.72,113759.12,113844.7,35.51608
2025-08-03 23:30:00+08:00,113844.7,113958.76,113674.05,113934.03,102.67554
2025-08-03 23:45:00+08:00,113934.03,113966.0,113891.02,113959.06,33.86244
2025-08-04 00:00:00+08:00,113959.06,113959.06,113775.55,113783.17,85.58106
2025-08-04 00:15:00+08:00,113783.16,113880.71,113775.61,113877.4,69.67548
2025-08-04 00:30:00+08:00,113877.4,113978.44,113877.39,113964.36,40.66283
2025-08-04 00:45:00+08:00,113964.36,114026.82,113912.0,113995.16,50.74142
2025-08-04 01:00:00+08:00,113995.15,114165.09,113990.0,114128.27,85.59049
2025-08-04 01:15:00+08:00,114128.27,114154.0,114007.62,114020.09,38.07045
2025-08-04 01:30:00+08:00,114020.1,114106.7,113953.97,113955.69,37.26656
2025-08-04 01:45:00+08:00,113955.7,114087.42,113955.69,114087.42,34.06972
